url,starting_url
https://www.linkedin.com/in/lilliancunningham,https://www.google.com/search?q=constitution+podcast+site%3Alinkedin.com/in/
https://www.linkedin.com/in/jackie-mcdermott,https://www.google.com/search?q=constitution+podcast+site%3Alinkedin.com/in/
https://www.linkedin.com/in/collinsp3,https://www.google.com/search?q=constitution+podcast+site%3Alinkedin.com/in/
https://www.linkedin.com/in/samarthpd,https://www.google.com/search?q=constitution+podcast+site%3Alinkedin.com/in/
https://www.linkedin.com/in/bryan-p-bj%C3%B6rnson-6733b04,https://www.google.com/search?q=constitution+podcast+site%3Alinkedin.com/in/
https://www.linkedin.com/in/brankin,https://www.google.com/search?q=constitution+podcast+site%3Alinkedin.com/in/
https://www.linkedin.com/in/adrianne-m-murchison-635b92105,https://www.google.com/search?q=constitution+podcast+site%3Alinkedin.com/in/
https://www.linkedin.com/in/jay-black,https://www.google.com/search?q=constitution+podcast+site%3Alinkedin.com/in/
https://www.linkedin.com/in/annettebybee,https://www.google.com/search?q=constitution+podcast+site%3Alinkedin.com/in/
https://www.linkedin.com/in/aaronpruner,https://www.google.com/search?q=constitution+podcast+site%3Alinkedin.com/in/
https://www.linkedin.com/in/mark-charest-a08369a4,https://www.google.com/search?q=constitution+podcast+site%3Alinkedin.com/in/&start=10
https://www.linkedin.com/in/merissa-v-tepper-5b880b4a,https://www.google.com/search?q=constitution+podcast+site%3Alinkedin.com/in/&start=10
https://www.linkedin.com/in/rachelahanson,https://www.google.com/search?q=constitution+podcast+site%3Alinkedin.com/in/&start=10
https://www.linkedin.com/in/jenhowell,https://www.google.com/search?q=constitution+podcast+site%3Alinkedin.com/in/&start=10
https://www.linkedin.com/in/dalton-maltz-58b05693,https://www.google.com/search?q=constitution+podcast+site%3Alinkedin.com/in/&start=10
https://www.linkedin.com/in/bryan-escalona-8934a6181,https://www.google.com/search?q=constitution+podcast+site%3Alinkedin.com/in/&start=10
https://www.linkedin.com/in/tracy-thomas-989457105,https://www.google.com/search?q=constitution+podcast+site%3Alinkedin.com/in/&start=10
https://www.linkedin.com/in/joshck,https://www.google.com/search?q=constitution+podcast+site%3Alinkedin.com/in/&start=10
https://www.linkedin.com/in/briafelicien,https://www.google.com/search?q=constitution+podcast+site%3Alinkedin.com/in/&start=10
https://www.linkedin.com/in/lexisimms,https://www.google.com/search?q=constitution+podcast+site%3Alinkedin.com/in/&start=10
https://www.linkedin.com/in/mark-charest-a08369a4,https://www.google.com/search?q=constitution+podcast+site%3Alinkedin.com/in/&start=10
https://www.linkedin.com/in/merissa-v-tepper-5b880b4a,https://www.google.com/search?q=constitution+podcast+site%3Alinkedin.com/in/&start=10
https://www.linkedin.com/in/rachelahanson,https://www.google.com/search?q=constitution+podcast+site%3Alinkedin.com/in/&start=10
https://www.linkedin.com/in/jenhowell,https://www.google.com/search?q=constitution+podcast+site%3Alinkedin.com/in/&start=10
https://www.linkedin.com/in/dalton-maltz-58b05693,https://www.google.com/search?q=constitution+podcast+site%3Alinkedin.com/in/&start=10
https://www.linkedin.com/in/bryan-escalona-8934a6181,https://www.google.com/search?q=constitution+podcast+site%3Alinkedin.com/in/&start=10
https://www.linkedin.com/in/tracy-thomas-989457105,https://www.google.com/search?q=constitution+podcast+site%3Alinkedin.com/in/&start=10
https://www.linkedin.com/in/joshck,https://www.google.com/search?q=constitution+podcast+site%3Alinkedin.com/in/&start=10
https://www.linkedin.com/in/briafelicien,https://www.google.com/search?q=constitution+podcast+site%3Alinkedin.com/in/&start=10
https://www.linkedin.com/in/lexisimms,https://www.google.com/search?q=constitution+podcast+site%3Alinkedin.com/in/&start=10
https://www.linkedin.com/in/stephen-hays-71b571101,https://www.google.com/search?q=capitalist+podcast+site%3Alinkedin.com/in/&start=20
https://www.linkedin.com/in/the-startup-advocate-podcast-902314195,https://www.google.com/search?q=capitalist+podcast+site%3Alinkedin.com/in/&start=20
https://www.linkedin.com/in/ninaoneil,https://www.google.com/search?q=capitalist+podcast+site%3Alinkedin.com/in/&start=20
https://uk.linkedin.com/in/iyasalqasem,https://www.google.com/search?q=capitalist+podcast+site%3Alinkedin.com/in/&start=20
https://es.linkedin.com/in/lcrehalet/en,https://www.google.com/search?q=capitalist+podcast+site%3Alinkedin.com/in/&start=20
https://www.linkedin.com/in/ines-manziano-622aa257,https://www.google.com/search?q=capitalist+podcast+site%3Alinkedin.com/in/&start=20
https://www.linkedin.com/in/justincharlesgordon,https://www.google.com/search?q=capitalist+podcast+site%3Alinkedin.com/in/&start=20
https://www.linkedin.com/in/rachidhassar/en,https://www.google.com/search?q=capitalist+podcast+site%3Alinkedin.com/in/&start=20
https://www.linkedin.com/in/joel-oliver-45991319b?trk=public_profile_browsemap,https://www.google.com/search?q=capitalist+podcast+site%3Alinkedin.com/in/&start=20
https://www.linkedin.com/in/jillian-manus-19112a13,https://www.google.com/search?q=capitalist+podcast+site%3Alinkedin.com/in/&start=20
https://www.linkedin.com/in/jayhelms,https://www.google.com/search?q=capitalist+podcast+site%3Alinkedin.com/in/
https://www.linkedin.com/in/karenrands,https://www.google.com/search?q=capitalist+podcast+site%3Alinkedin.com/in/
https://www.linkedin.com/in/theryanmoran,https://www.google.com/search?q=capitalist+podcast+site%3Alinkedin.com/in/
https://www.linkedin.com/in/patriciaoconnell,https://www.google.com/search?q=capitalist+podcast+site%3Alinkedin.com/in/
https://www.linkedin.com/in/jeffkrasno,https://www.google.com/search?q=capitalist+podcast+site%3Alinkedin.com/in/
https://www.linkedin.com/in/rickkoerber,https://www.google.com/search?q=capitalist+podcast+site%3Alinkedin.com/in/
https://www.linkedin.com/in/jeffbond123,https://www.google.com/search?q=capitalist+podcast+site%3Alinkedin.com/in/
https://www.linkedin.com/in/james-carey-ab59855,https://www.google.com/search?q=capitalist+podcast+site%3Alinkedin.com/in/
https://www.linkedin.com/in/oshanjarow,https://www.google.com/search?q=capitalist+podcast+site%3Alinkedin.com/in/
https://www.linkedin.com/in/adamfodonnell,https://www.google.com/search?q=capitalist+podcast+site%3Alinkedin.com/in/
https://www.linkedin.com/in/jonathan-jiles-146327a1,https://www.google.com/search?q=liberty+podcast+site%3Alinkedin.com/in/&start=20
https://www.linkedin.com/in/go-far-marie,https://www.google.com/search?q=liberty+podcast+site%3Alinkedin.com/in/&start=20
https://www.linkedin.com/in/rebekahhagstrom,https://www.google.com/search?q=liberty+podcast+site%3Alinkedin.com/in/&start=20
https://www.linkedin.com/in/michaelbarrywojcik,https://www.google.com/search?q=liberty+podcast+site%3Alinkedin.com/in/&start=20
https://www.linkedin.com/in/derek-wills-7a383234,https://www.google.com/search?q=liberty+podcast+site%3Alinkedin.com/in/&start=20
https://www.linkedin.com/in/elizabethjwindom,https://www.google.com/search?q=liberty+podcast+site%3Alinkedin.com/in/&start=20
https://www.linkedin.com/in/ryanborawski,https://www.google.com/search?q=liberty+podcast+site%3Alinkedin.com/in/&start=20
https://www.linkedin.com/in/ryan-conway-763726103,https://www.google.com/search?q=liberty+podcast+site%3Alinkedin.com/in/&start=20
https://www.linkedin.com/in/reillymoncrief,https://www.google.com/search?q=liberty+podcast+site%3Alinkedin.com/in/&start=20
https://www.linkedin.com/in/samuel-landa-ba934352,https://www.google.com/search?q=liberty+podcast+site%3Alinkedin.com/in/&start=20
https://www.linkedin.com/in/joel-katon-613501b,https://www.google.com/search?q=liberty+podcast+site%3Alinkedin.com/in/&start=10
https://www.linkedin.com/in/sarahmperkins,https://www.google.com/search?q=liberty+podcast+site%3Alinkedin.com/in/&start=10
https://www.linkedin.com/in/charlie-earl-8069b728,https://www.google.com/search?q=liberty+podcast+site%3Alinkedin.com/in/&start=10
https://www.linkedin.com/in/hamsa-madhira,https://www.google.com/search?q=liberty+podcast+site%3Alinkedin.com/in/&start=10
https://www.linkedin.com/in/dr-linda-mintle-b8820b10,https://www.google.com/search?q=liberty+podcast+site%3Alinkedin.com/in/&start=10
https://www.linkedin.com/in/nadianazbutt,https://www.google.com/search?q=liberty+podcast+site%3Alinkedin.com/in/&start=10
https://www.linkedin.com/in/tiffany-turnbull-kennedy-b542313b,https://www.google.com/search?q=liberty+podcast+site%3Alinkedin.com/in/&start=10
https://www.linkedin.com/in/kimberleecantrellva,https://www.google.com/search?q=liberty+podcast+site%3Alinkedin.com/in/&start=10
https://www.linkedin.com/in/daniel-pride-4a716a4b,https://www.google.com/search?q=liberty+podcast+site%3Alinkedin.com/in/&start=10
https://www.linkedin.com/in/coreyhorn,https://www.google.com/search?q=liberty+podcast+site%3Alinkedin.com/in/&start=10
https://www.linkedin.com/in/david-freeman-658071a9,https://www.google.com/search?q=libertarian+podcast+site%3Alinkedin.com/in/&start=20
https://www.linkedin.com/in/gimjmd,https://www.google.com/search?q=libertarian+podcast+site%3Alinkedin.com/in/&start=20
https://www.linkedin.com/in/natalie-dowzicky-004746104,https://www.google.com/search?q=libertarian+podcast+site%3Alinkedin.com/in/&start=20
https://www.linkedin.com/in/alexmerced,https://www.google.com/search?q=libertarian+podcast+site%3Alinkedin.com/in/&start=20
https://www.linkedin.com/in/marinerofspace,https://www.google.com/search?q=libertarian+podcast+site%3Alinkedin.com/in/&start=20
https://www.linkedin.com/in/jordan-parr-92199b59,https://www.google.com/search?q=libertarian+podcast+site%3Alinkedin.com/in/&start=20
https://www.linkedin.com/in/lee-welter-8a37a77,https://www.google.com/search?q=libertarian+podcast+site%3Alinkedin.com/in/&start=20
https://www.linkedin.com/in/rickey-d-morris-jr-2b4993b,https://www.google.com/search?q=libertarian+podcast+site%3Alinkedin.com/in/&start=20
https://www.linkedin.com/in/tom-lippman-9573439,https://www.google.com/search?q=libertarian+podcast+site%3Alinkedin.com/in/&start=20
https://www.linkedin.com/in/kate-thornburg-2bb542b9,https://www.google.com/search?q=libertarian+podcast+site%3Alinkedin.com/in/&start=20
https://www.linkedin.com/in/adamfodonnell,https://www.google.com/search?q=capitalist+podcast+site%3Alinkedin.com/in/&start=10
https://www.linkedin.com/in/meagan,https://www.google.com/search?q=capitalist+podcast+site%3Alinkedin.com/in/&start=10
https://www.linkedin.com/in/eltonsherwin,https://www.google.com/search?q=capitalist+podcast+site%3Alinkedin.com/in/&start=10
https://www.linkedin.com/in/michaelsarraille,https://www.google.com/search?q=capitalist+podcast+site%3Alinkedin.com/in/&start=10
https://www.linkedin.com/in/brittanybarreto,https://www.google.com/search?q=capitalist+podcast+site%3Alinkedin.com/in/&start=10
https://www.linkedin.com/in/jonathanhua,https://www.google.com/search?q=capitalist+podcast+site%3Alinkedin.com/in/&start=10
https://www.linkedin.com/in/hansbjordahl,https://www.google.com/search?q=capitalist+podcast+site%3Alinkedin.com/in/&start=10
https://www.linkedin.com/in/ashton-levarek-ba03b4161,https://www.google.com/search?q=capitalist+podcast+site%3Alinkedin.com/in/&start=10
https://www.linkedin.com/in/mark-tepper-cfp%C2%AE-30b9b66,https://www.google.com/search?q=capitalist+podcast+site%3Alinkedin.com/in/&start=10
https://www.linkedin.com/in/ellishammond,https://www.google.com/search?q=capitalist+podcast+site%3Alinkedin.com/in/&start=10
https://www.linkedin.com/in/luisdiaz-danlok,https://www.google.com/search?q=free+market+podcast+site%3Alinkedin.com/in/&start=20
https://www.linkedin.com/in/institutional-fx-uncensored,https://www.google.com/search?q=free+market+podcast+site%3Alinkedin.com/in/&start=20
https://www.linkedin.com/in/tony-bottoms-063453196,https://www.google.com/search?q=free+market+podcast+site%3Alinkedin.com/in/&start=20
https://www.linkedin.com/in/bbirkmeyer,https://www.google.com/search?q=free+market+podcast+site%3Alinkedin.com/in/&start=20
https://www.linkedin.com/in/justinwomack1,https://www.google.com/search?q=free+market+podcast+site%3Alinkedin.com/in/&start=20
https://www.linkedin.com/in/chaya-gurkov-929957196,https://www.google.com/search?q=free+market+podcast+site%3Alinkedin.com/in/&start=20
https://www.linkedin.com/in/sean-brna-13221112,https://www.google.com/search?q=free+market+podcast+site%3Alinkedin.com/in/&start=20
https://www.linkedin.com/in/matt-brechwald-20b4b0125,https://www.google.com/search?q=free+market+podcast+site%3Alinkedin.com/in/&start=20
https://www.linkedin.com/in/aleung03,https://www.google.com/search?q=free+market+podcast+site%3Alinkedin.com/in/&start=20
https://cz.linkedin.com/in/jakubzajicek,https://www.google.com/search?q=free+market+podcast+site%3Alinkedin.com/in/&start=20
https://www.linkedin.com/in/kiley-thomas-a33965200,https://www.google.com/search?q=constitution+podcast+site%3Alinkedin.com/in/&start=190
https://www.linkedin.com/in/kellie-p-b-01254619a,https://www.google.com/search?q=constitution+podcast+site%3Alinkedin.com/in/&start=190
https://www.linkedin.com/in/kierstenwillis,https://www.google.com/search?q=constitution+podcast+site%3Alinkedin.com/in/&start=190
https://uk.linkedin.com/in/lee-turner-6bbb1242,https://www.google.com/search?q=constitution+podcast+site%3Alinkedin.com/in/&start=190
https://www.linkedin.com/in/pmauriellojr,https://www.google.com/search?q=constitution+podcast+site%3Alinkedin.com/in/&start=190
https://www.linkedin.com/in/saffeya-ahmed,https://www.google.com/search?q=constitution+podcast+site%3Alinkedin.com/in/&start=190
https://www.linkedin.com/in/peterjott,https://www.google.com/search?q=constitution+podcast+site%3Alinkedin.com/in/&start=190
https://www.linkedin.com/in/randolph-pitts-9660158,https://www.google.com/search?q=constitution+podcast+site%3Alinkedin.com/in/&start=190
https://www.linkedin.com/in/brittany-brown-pmp-74827372,https://www.google.com/search?q=constitution+podcast+site%3Alinkedin.com/in/&start=190
https://www.linkedin.com/in/ryancoonerty,https://www.google.com/search?q=constitution+podcast+site%3Alinkedin.com/in/&start=190
https://www.linkedin.com/in/johncyates,https://www.google.com/search?q=constitution+podcast+site%3Alinkedin.com/in/&start=240
https://www.linkedin.com/in/craig-schneider-50763313,https://www.google.com/search?q=constitution+podcast+site%3Alinkedin.com/in/&start=240
https://www.linkedin.com/in/hinklej,https://www.google.com/search?q=constitution+podcast+site%3Alinkedin.com/in/&start=240
https://www.linkedin.com/in/gracie-bonds-staples-0772947,https://www.google.com/search?q=constitution+podcast+site%3Alinkedin.com/in/&start=240
https://www.linkedin.com/in/joy-yun-a7094718a,https://www.google.com/search?q=constitution+podcast+site%3Alinkedin.com/in/&start=240
https://www.linkedin.com/in/draytondjackson,https://www.google.com/search?q=constitution+podcast+site%3Alinkedin.com/in/&start=240
https://www.linkedin.com/in/danielle-germain-a45715137,https://www.google.com/search?q=constitution+podcast+site%3Alinkedin.com/in/&start=240
https://www.linkedin.com/in/johnnyedwards,https://www.google.com/search?q=constitution+podcast+site%3Alinkedin.com/in/&start=240
https://uk.linkedin.com/in/kayley-loo-36b239184,https://www.google.com/search?q=constitution+podcast+site%3Alinkedin.com/in/&start=240
https://www.linkedin.com/in/brian-tierney-6b477432,https://www.google.com/search?q=constitution+podcast+site%3Alinkedin.com/in/&start=240
https://www.linkedin.com/in/isaiah-poritz-a3575417a,https://www.google.com/search?q=constitution+podcast+site%3Alinkedin.com/in/&start=180
https://www.linkedin.com/in/ryan-king-2064283,https://www.google.com/search?q=constitution+podcast+site%3Alinkedin.com/in/&start=180
https://uk.linkedin.com/in/eric-berger-724484191,https://www.google.com/search?q=constitution+podcast+site%3Alinkedin.com/in/&start=180
https://www.linkedin.com/in/ccarrigan,https://www.google.com/search?q=constitution+podcast+site%3Alinkedin.com/in/&start=180
https://www.linkedin.com/in/treyshilts,https://www.google.com/search?q=constitution+podcast+site%3Alinkedin.com/in/&start=180
https://za.linkedin.com/in/simmi-areff-0478324a,https://www.google.com/search?q=constitution+podcast+site%3Alinkedin.com/in/&start=180
https://www.linkedin.com/in/vanessa-prior-6569114b,https://www.google.com/search?q=constitution+podcast+site%3Alinkedin.com/in/&start=180
https://www.linkedin.com/in/lukescorziell,https://www.google.com/search?q=constitution+podcast+site%3Alinkedin.com/in/&start=180
https://www.linkedin.com/in/devani-scheidler-34807892,https://www.google.com/search?q=constitution+podcast+site%3Alinkedin.com/in/&start=180
https://www.linkedin.com/in/alyssa-ross-66234a169,https://www.google.com/search?q=constitution+podcast+site%3Alinkedin.com/in/&start=180
https://www.linkedin.com/in/gregzakowicz,https://www.google.com/search?q=constitution+podcast+site%3Alinkedin.com/in/&start=220
https://www.linkedin.com/in/jonathan-l-dumas,https://www.google.com/search?q=constitution+podcast+site%3Alinkedin.com/in/&start=220
https://www.linkedin.com/in/leon-stafford-4a722067,https://www.google.com/search?q=constitution+podcast+site%3Alinkedin.com/in/&start=220
https://uk.linkedin.com/in/caroline-humfress-56448039,https://www.google.com/search?q=constitution+podcast+site%3Alinkedin.com/in/&start=220
https://www.linkedin.com/in/bevoshea,https://www.google.com/search?q=constitution+podcast+site%3Alinkedin.com/in/&start=220
https://www.linkedin.com/in/vijai-raja-07447516/,https://www.google.com/search?q=constitution+podcast+site%3Alinkedin.com/in/&start=220
https://www.linkedin.com/in/delilah-hernandez,https://www.google.com/search?q=constitution+podcast+site%3Alinkedin.com/in/&start=220
https://www.linkedin.com/in/shehanjeyarajah,https://www.google.com/search?q=constitution+podcast+site%3Alinkedin.com/in/&start=220
https://www.linkedin.com/in/beth-bowers-710b127,https://www.google.com/search?q=constitution+podcast+site%3Alinkedin.com/in/&start=220
https://www.linkedin.com/in/pleespears,https://www.google.com/search?q=constitution+podcast+site%3Alinkedin.com/in/&start=220
https://www.linkedin.com/in/deb-leticia-gordils-a5b59842,https://www.google.com/search?q=constitution+podcast+site%3Alinkedin.com/in/&start=40
https://www.linkedin.com/in/david-brown-9558189b,https://www.google.com/search?q=constitution+podcast+site%3Alinkedin.com/in/&start=40
https://www.linkedin.com/in/doug-devos,https://www.google.com/search?q=constitution+podcast+site%3Alinkedin.com/in/&start=40
https://www.linkedin.com/in/ernesto-castillo-321342172,https://www.google.com/search?q=constitution+podcast+site%3Alinkedin.com/in/&start=40
https://www.linkedin.com/in/d-orlando-ledbetter-esq-b832755,https://www.google.com/search?q=constitution+podcast+site%3Alinkedin.com/in/&start=40
https://www.linkedin.com/in/matthew-boudreau-a60a4b7,https://www.google.com/search?q=constitution+podcast+site%3Alinkedin.com/in/&start=40
https://www.linkedin.com/in/wesleyodell,https://www.google.com/search?q=constitution+podcast+site%3Alinkedin.com/in/&start=40
https://www.linkedin.com/in/maryhelenehall,https://www.google.com/search?q=constitution+podcast+site%3Alinkedin.com/in/&start=40
https://www.linkedin.com/in/meagan-o-rourke-0a144014b,https://www.google.com/search?q=constitution+podcast+site%3Alinkedin.com/in/&start=40
https://www.linkedin.com/in/sandy-goff-87427228,https://www.google.com/search?q=constitution+podcast+site%3Alinkedin.com/in/&start=40
https://www.linkedin.com/in/michael-cohen-1a7ba8b,https://www.google.com/search?q=constitution+podcast+site%3Alinkedin.com/in/&start=140
https://www.linkedin.com/in/zachvallese,https://www.google.com/search?q=constitution+podcast+site%3Alinkedin.com/in/&start=140
https://www.linkedin.com/in/virginia-prodan-0244581b,https://www.google.com/search?q=constitution+podcast+site%3Alinkedin.com/in/&start=140
https://www.linkedin.com/in/jozsef-papp,https://www.google.com/search?q=constitution+podcast+site%3Alinkedin.com/in/&start=140
https://www.linkedin.com/in/joseph-ferguson-b5091a38,https://www.google.com/search?q=constitution+podcast+site%3Alinkedin.com/in/&start=140
https://www.linkedin.com/in/decker-christopher,https://www.google.com/search?q=constitution+podcast+site%3Alinkedin.com/in/&start=140
https://www.linkedin.com/in/alexandra-mac-taylor-066614149,https://www.google.com/search?q=constitution+podcast+site%3Alinkedin.com/in/&start=140
https://www.linkedin.com/in/shawnmeehan,https://www.google.com/search?q=constitution+podcast+site%3Alinkedin.com/in/&start=140
https://www.linkedin.com/in/dewhitt-bingham-0b5a0bb3,https://www.google.com/search?q=constitution+podcast+site%3Alinkedin.com/in/&start=140
https://www.linkedin.com/in/david-purdum-576b8313,https://www.google.com/search?q=constitution+podcast+site%3Alinkedin.com/in/&start=140
https://www.linkedin.com/in/jaimeeagan,https://www.google.com/search?q=constitution+podcast+site%3Alinkedin.com/in/&start=20
https://www.linkedin.com/in/deanna-cauthen-10703224,https://www.google.com/search?q=constitution+podcast+site%3Alinkedin.com/in/&start=20
https://www.linkedin.com/in/liz-alesse-76b9a613,https://www.google.com/search?q=constitution+podcast+site%3Alinkedin.com/in/&start=20
https://www.linkedin.com/in/peggy-li-0339b867,https://www.google.com/search?q=constitution+podcast+site%3Alinkedin.com/in/&start=20
https://www.linkedin.com/in/najjaparker,https://www.google.com/search?q=constitution+podcast+site%3Alinkedin.com/in/&start=20
https://www.linkedin.com/in/beccajggodwin,https://www.google.com/search?q=constitution+podcast+site%3Alinkedin.com/in/&start=20
https://www.linkedin.com/in/jenniferpeebles,https://www.google.com/search?q=constitution+podcast+site%3Alinkedin.com/in/&start=20
https://www.linkedin.com/in/jewel-wicker-90180257,https://www.google.com/search?q=constitution+podcast+site%3Alinkedin.com/in/&start=20
https://www.linkedin.com/in/michael-warren-70bb5919,https://www.google.com/search?q=constitution+podcast+site%3Alinkedin.com/in/&start=20
https://www.linkedin.com/in/teresa-berry-9a32b0200,https://www.google.com/search?q=constitution+podcast+site%3Alinkedin.com/in/&start=20
https://www.linkedin.com/in/doctorjonpaul,https://www.google.com/search?q=constitution+podcast+site%3Alinkedin.com/in/&start=90
https://ca.linkedin.com/in/robert-danay-335127127,https://www.google.com/search?q=constitution+podcast+site%3Alinkedin.com/in/&start=90
https://www.linkedin.com/in/keith-bessette-147997177,https://www.google.com/search?q=constitution+podcast+site%3Alinkedin.com/in/&start=90
https://www.linkedin.com/in/jasmine-m-ellis-143a0b4b,https://www.google.com/search?q=constitution+podcast+site%3Alinkedin.com/in/&start=90
https://www.linkedin.com/in/fernanda-uriegas-256b50130,https://www.google.com/search?q=constitution+podcast+site%3Alinkedin.com/in/&start=90
https://www.linkedin.com/in/jacquelyn-covey,https://www.google.com/search?q=constitution+podcast+site%3Alinkedin.com/in/&start=90
https://www.linkedin.com/in/lesley-andrea-marin-39824a42,https://www.google.com/search?q=constitution+podcast+site%3Alinkedin.com/in/&start=90
https://www.linkedin.com/in/thejaylamar,https://www.google.com/search?q=constitution+podcast+site%3Alinkedin.com/in/&start=90
https://www.linkedin.com/in/sarhang-barzinji-9a72a9122,https://www.google.com/search?q=constitution+podcast+site%3Alinkedin.com/in/&start=90
https://www.linkedin.com/in/mike-tierney-3891016,https://www.google.com/search?q=constitution+podcast+site%3Alinkedin.com/in/&start=30
https://www.linkedin.com/in/danielwsheridan,https://www.google.com/search?q=constitution+podcast+site%3Alinkedin.com/in/&start=30
https://www.linkedin.com/in/rafaelasiewert,https://www.google.com/search?q=constitution+podcast+site%3Alinkedin.com/in/&start=30
https://www.linkedin.com/in/dr-nicholas-mosvick-32187937,https://www.google.com/search?q=constitution+podcast+site%3Alinkedin.com/in/&start=30
https://www.linkedin.com/in/rhonda-cook-b1006217,https://www.google.com/search?q=constitution+podcast+site%3Alinkedin.com/in/&start=30
https://www.linkedin.com/in/zachary-roth-25734b1b5,https://www.google.com/search?q=constitution+podcast+site%3Alinkedin.com/in/&start=30
https://www.linkedin.com/in/don-o-briant-2039466,https://www.google.com/search?q=constitution+podcast+site%3Alinkedin.com/in/&start=30
https://www.linkedin.com/in/jeffreyholst,https://www.google.com/search?q=constitution+podcast+site%3Alinkedin.com/in/&start=30
https://www.linkedin.com/in/katie-cooper-aa3869a,https://www.google.com/search?q=constitution+podcast+site%3Alinkedin.com/in/&start=30
https://www.linkedin.com/in/shelby-stanger,https://www.google.com/search?q=constitution+podcast+site%3Alinkedin.com/in/&start=30
https://www.linkedin.com/in/cassidycash,https://www.google.com/search?q=constitution+podcast+site%3Alinkedin.com/in/&start=70
https://www.linkedin.com/in/angela-hansberger-2680798,https://www.google.com/search?q=constitution+podcast+site%3Alinkedin.com/in/&start=70
https://www.linkedin.com/in/shane-harrison-93b96030,https://www.google.com/search?q=constitution+podcast+site%3Alinkedin.com/in/&start=70
https://www.linkedin.com/in/amber-mckinney-6a0b2b6,https://www.google.com/search?q=constitution+podcast+site%3Alinkedin.com/in/&start=70
https://www.linkedin.com/in/haley-grieshaber-610587143,https://www.google.com/search?q=constitution+podcast+site%3Alinkedin.com/in/&start=70
https://www.linkedin.com/in/jp-specter-a900b935,https://www.google.com/search?q=constitution+podcast+site%3Alinkedin.com/in/&start=70
https://www.linkedin.com/in/cdthomas1024,https://www.google.com/search?q=constitution+podcast+site%3Alinkedin.com/in/&start=70
https://www.linkedin.com/in/nelson-helm-2a3159127,https://www.google.com/search?q=constitution+podcast+site%3Alinkedin.com/in/&start=70
https://www.linkedin.com/in/kimberly-burke-6753699a,https://www.google.com/search?q=constitution+podcast+site%3Alinkedin.com/in/&start=70
https://www.linkedin.com/in/kevin-burke-01ba917,https://www.google.com/search?q=constitution+podcast+site%3Alinkedin.com/in/&start=70
https://www.linkedin.com/in/suzishattuck,https://www.google.com/search?q=constitution+podcast+site%3Alinkedin.com/in/&start=110
https://www.linkedin.com/in/raesolomon,https://www.google.com/search?q=constitution+podcast+site%3Alinkedin.com/in/&start=110
https://www.linkedin.com/in/jj-maley-9224b595,https://www.google.com/search?q=constitution+podcast+site%3Alinkedin.com/in/&start=110
https://www.linkedin.com/in/tessmalijenovsky,https://www.google.com/search?q=constitution+podcast+site%3Alinkedin.com/in/&start=110
https://www.linkedin.com/in/heather-hakes-64ba0914,https://www.google.com/search?q=constitution+podcast+site%3Alinkedin.com/in/&start=110
https://www.linkedin.com/in/gwen-borders-13840b3a,https://www.google.com/search?q=constitution+podcast+site%3Alinkedin.com/in/&start=110
https://www.linkedin.com/in/slaveya-zaharieva,https://www.google.com/search?q=constitution+podcast+site%3Alinkedin.com/in/&start=110
https://www.linkedin.com/in/augustine-pasin-503312149,https://www.google.com/search?q=constitution+podcast+site%3Alinkedin.com/in/&start=110
https://www.linkedin.com/in/rory-sharrock-373ab927,https://www.google.com/search?q=constitution+podcast+site%3Alinkedin.com/in/&start=110
https://www.linkedin.com/in/kayla-mor%C3%A1n-42a4a9127,https://www.google.com/search?q=constitution+podcast+site%3Alinkedin.com/in/&start=110
https://www.linkedin.com/in/shane-harrison-9aa8747,https://www.google.com/search?q=constitution+podcast+site%3Alinkedin.com/in/&start=150
https://www.linkedin.com/in/hayes-kennedy-057967172,https://www.google.com/search?q=constitution+podcast+site%3Alinkedin.com/in/&start=150
https://www.linkedin.com/in/robert-caruso-2085a4b2,https://www.google.com/search?q=constitution+podcast+site%3Alinkedin.com/in/&start=150
https://www.linkedin.com/in/sophie-partridge-hicks-63a463156,https://www.google.com/search?q=constitution+podcast+site%3Alinkedin.com/in/&start=150
https://www.linkedin.com/in/alma-hill-8229536,https://www.google.com/search?q=constitution+podcast+site%3Alinkedin.com/in/&start=150
https://www.linkedin.com/in/thomas-stinson-0436a712,https://www.google.com/search?q=constitution+podcast+site%3Alinkedin.com/in/&start=150
https://www.linkedin.com/in/bluegrassredhead,https://www.google.com/search?q=constitution+podcast+site%3Alinkedin.com/in/&start=150
https://www.linkedin.com/in/kevin-s-austin-a087239,https://www.google.com/search?q=constitution+podcast+site%3Alinkedin.com/in/&start=150
https://www.linkedin.com/in/johnspink,https://www.google.com/search?q=constitution+podcast+site%3Alinkedin.com/in/&start=150
https://www.linkedin.com/in/roderic-graham,https://www.google.com/search?q=constitution+podcast+site%3Alinkedin.com/in/&start=150
https://www.linkedin.com/in/erica-donners-b2a8a429,https://www.google.com/search?q=constitution+podcast+site%3Alinkedin.com/in/&start=60
https://www.linkedin.com/in/sean-plotkin-23240438,https://www.google.com/search?q=constitution+podcast+site%3Alinkedin.com/in/&start=60
https://www.linkedin.com/in/dancanon,https://www.google.com/search?q=constitution+podcast+site%3Alinkedin.com/in/&start=60
https://www.linkedin.com/in/justin-thomas-603b34185,https://www.google.com/search?q=constitution+podcast+site%3Alinkedin.com/in/&start=60
https://www.linkedin.com/in/ninajoss,https://www.google.com/search?q=constitution+podcast+site%3Alinkedin.com/in/&start=60
https://www.linkedin.com/in/leo-willingham-3b176311,https://www.google.com/search?q=constitution+podcast+site%3Alinkedin.com/in/&start=60
https://www.linkedin.com/in/sean-casey-2b94874,https://www.google.com/search?q=constitution+podcast+site%3Alinkedin.com/in/&start=60
https://www.linkedin.com/in/arlen-papazian-32746079,https://www.google.com/search?q=constitution+podcast+site%3Alinkedin.com/in/&start=60
https://www.linkedin.com/in/eugenia-almand-83a05126,https://www.google.com/search?q=constitution+podcast+site%3Alinkedin.com/in/&start=60
https://www.linkedin.com/in/jill-harrison-50a332135,https://www.google.com/search?q=constitution+podcast+site%3Alinkedin.com/in/&start=60
https://www.linkedin.com/in/jim-fini-7640721,https://www.google.com/search?q=constitution+podcast+site%3Alinkedin.com/in/&start=170
https://www.linkedin.com/in/alyssa-long-bb220017b?trk=public_profile_browsemap,https://www.google.com/search?q=constitution+podcast+site%3Alinkedin.com/in/&start=170
https://www.linkedin.com/in/jennifer-zyman-148b8411,https://www.google.com/search?q=constitution+podcast+site%3Alinkedin.com/in/&start=170
https://www.linkedin.com/in/neil-turner-b3513316,https://www.google.com/search?q=constitution+podcast+site%3Alinkedin.com/in/&start=170
https://www.linkedin.com/in/ross-snyder-8831a4157,https://www.google.com/search?q=constitution+podcast+site%3Alinkedin.com/in/&start=170
https://www.linkedin.com/in/ariannamendez,https://www.google.com/search?q=constitution+podcast+site%3Alinkedin.com/in/&start=170
https://www.linkedin.com/in/kelseybruzgo,https://www.google.com/search?q=constitution+podcast+site%3Alinkedin.com/in/&start=170
https://www.linkedin.com/in/sarah-amitty-tucker-b020b982,https://www.google.com/search?q=constitution+podcast+site%3Alinkedin.com/in/&start=170
https://www.linkedin.com/in/bonnieclipper,https://www.google.com/search?q=constitution+podcast+site%3Alinkedin.com/in/&start=170
https://www.linkedin.com/in/aqualabogan,https://www.google.com/search?q=constitution+podcast+site%3Alinkedin.com/in/&start=170
https://www.linkedin.com/in/melissaruggieri,https://www.google.com/search?q=constitution+podcast+site%3Alinkedin.com/in/&start=120
https://www.linkedin.com/in/apoterba,https://www.google.com/search?q=constitution+podcast+site%3Alinkedin.com/in/&start=120
https://www.linkedin.com/in/nicolemnunes,https://www.google.com/search?q=constitution+podcast+site%3Alinkedin.com/in/&start=120
https://www.linkedin.com/in/gregmccain,https://www.google.com/search?q=constitution+podcast+site%3Alinkedin.com/in/&start=120
https://www.linkedin.com/in/krisanne-hall-jd-126aa990,https://www.google.com/search?q=constitution+podcast+site%3Alinkedin.com/in/&start=120
https://www.linkedin.com/in/martinezanthonyp,https://www.google.com/search?q=constitution+podcast+site%3Alinkedin.com/in/&start=120
https://www.linkedin.com/in/rachel-cohn-583193138,https://www.google.com/search?q=constitution+podcast+site%3Alinkedin.com/in/&start=120
https://www.linkedin.com/in/jenniferbrett1,https://www.google.com/search?q=constitution+podcast+site%3Alinkedin.com/in/&start=120
https://www.linkedin.com/in/anansabenbow,https://www.google.com/search?q=constitution+podcast+site%3Alinkedin.com/in/&start=120
https://www.linkedin.com/in/ronvaldivia,https://www.google.com/search?q=constitution+podcast+site%3Alinkedin.com/in/&start=120
https://uk.linkedin.com/in/osarigie-rapheal-9b8710201,https://www.google.com/search?q=constitution+podcast+site%3Alinkedin.com/in/&start=280
https://www.linkedin.com/in/christinakorp,https://www.google.com/search?q=constitution+podcast+site%3Alinkedin.com/in/&start=280
https://uk.linkedin.com/in/nadia-dobrianska-99a19a5,https://www.google.com/search?q=constitution+podcast+site%3Alinkedin.com/in/&start=280
https://uk.linkedin.com/in/laura-g-91b263133?trk=public_profile_samename-profile_profile-result-card_result-card_full-click,https://www.google.com/search?q=constitution+podcast+site%3Alinkedin.com/in/&start=280
https://es.linkedin.com/in/jose-manuel-mor%C3%B3n-marchena-25925b15a/en?trk=public_profile_share_actor-name,https://www.google.com/search?q=constitution+podcast+site%3Alinkedin.com/in/&start=280
https://uk.linkedin.com/in/ross-palmer-a902226,https://www.google.com/search?q=constitution+podcast+site%3Alinkedin.com/in/&start=280
https://je.linkedin.com/in/alex-fritot-665a0520a,https://www.google.com/search?q=constitution+podcast+site%3Alinkedin.com/in/&start=280
https://bd.linkedin.com/in/mosleyhrony,https://www.google.com/search?q=constitution+podcast+site%3Alinkedin.com/in/&start=280
https://gn.linkedin.com/in/folly-laurent-t%C3%AAko-agbo-430456148,https://www.google.com/search?q=constitution+podcast+site%3Alinkedin.com/in/&start=280
https://za.linkedin.com/in/pha%E1%B9%B1hutshedzo-cansly-ramaru,https://www.google.com/search?q=constitution+podcast+site%3Alinkedin.com/in/&start=280
https://www.linkedin.com/in/cassidycash/fr?trk=public_profile_locale-url,https://www.google.com/search?q=constitution+podcast+site%3Alinkedin.com/in/&start=100
https://www.linkedin.com/in/brittany-makely-1b31464b,https://www.google.com/search?q=constitution+podcast+site%3Alinkedin.com/in/&start=100
https://www.linkedin.com/in/luce-nguyen,https://www.google.com/search?q=constitution+podcast+site%3Alinkedin.com/in/&start=100
https://www.linkedin.com/in/ryonhorne,https://www.google.com/search?q=constitution+podcast+site%3Alinkedin.com/in/&start=100
https://www.linkedin.com/in/chris-kraft-234b10a,https://www.google.com/search?q=constitution+podcast+site%3Alinkedin.com/in/&start=100
https://www.linkedin.com/in/grace-gibbons-bb709978,https://www.google.com/search?q=constitution+podcast+site%3Alinkedin.com/in/&start=100
https://www.linkedin.com/in/shannon-mccaffrey-40341788,https://www.google.com/search?q=constitution+podcast+site%3Alinkedin.com/in/&start=100
https://www.linkedin.com/in/michael-manning-a897834,https://www.google.com/search?q=constitution+podcast+site%3Alinkedin.com/in/&start=100
https://www.linkedin.com/in/dave-kluge-ab3531100,https://www.google.com/search?q=constitution+podcast+site%3Alinkedin.com/in/&start=100
https://www.linkedin.com/in/suzishattuck,https://www.google.com/search?q=constitution+podcast+site%3Alinkedin.com/in/&start=100
https://uk.linkedin.com/in/roger-hayes-23207468,https://www.google.com/search?q=constitution+podcast+site%3Alinkedin.com/in/&start=260
https://www.linkedin.com/in/zachary-hansen-b3b432ab,https://www.google.com/search?q=constitution+podcast+site%3Alinkedin.com/in/&start=260
https://ke.linkedin.com/in/lucia-ayiela-73287136,https://www.google.com/search?q=constitution+podcast+site%3Alinkedin.com/in/&start=260
https://www.linkedin.com/in/ida-namazi,https://www.google.com/search?q=constitution+podcast+site%3Alinkedin.com/in/&start=260
https://ca.linkedin.com/in/bobwestrope,https://www.google.com/search?q=constitution+podcast+site%3Alinkedin.com/in/&start=260
https://co.linkedin.com/in/santiago-pardo-rodriguez,https://www.google.com/search?q=constitution+podcast+site%3Alinkedin.com/in/&start=260
https://www.linkedin.com/in/laurenmlandrum,https://www.google.com/search?q=constitution+podcast+site%3Alinkedin.com/in/&start=260
https://www.linkedin.com/in/tina-mcelroy-ansa-65b5271a,https://www.google.com/search?q=constitution+podcast+site%3Alinkedin.com/in/&start=260
https://www.linkedin.com/in/barb-senftleber-8b6a744,https://www.google.com/search?q=constitution+podcast+site%3Alinkedin.com/in/&start=260
https://www.linkedin.com/in/lindseybschultz,https://www.google.com/search?q=constitution+podcast+site%3Alinkedin.com/in/&start=260
https://www.linkedin.com/in/michael-deal-687b1b1,https://www.google.com/search?q=constitution+podcast+site%3Alinkedin.com/in/&start=230
https://www.linkedin.com/in/jazmine-steele-69058841,https://www.google.com/search?q=constitution+podcast+site%3Alinkedin.com/in/&start=230
https://www.linkedin.com/in/annamarie-mccorvie-b918bb99,https://www.google.com/search?q=constitution+podcast+site%3Alinkedin.com/in/&start=230
https://www.linkedin.com/in/melinda-k-cheston-86bb006,https://www.google.com/search?q=constitution+podcast+site%3Alinkedin.com/in/&start=230
https://www.linkedin.com/in/jeff-teichert-a1313230,https://www.google.com/search?q=constitution+podcast+site%3Alinkedin.com/in/&start=230
https://www.linkedin.com/in/martinjkatz,https://www.google.com/search?q=constitution+podcast+site%3Alinkedin.com/in/&start=230
https://www.linkedin.com/in/monica-r-richardson-digital,https://www.google.com/search?q=constitution+podcast+site%3Alinkedin.com/in/&start=230
https://www.linkedin.com/in/jaden-weiss-3502,https://www.google.com/search?q=constitution+podcast+site%3Alinkedin.com/in/&start=230
https://www.linkedin.com/in/niviyedwab,https://www.google.com/search?q=constitution+podcast+site%3Alinkedin.com/in/&start=230
https://www.linkedin.com/in/johncyates,https://www.google.com/search?q=constitution+podcast+site%3Alinkedin.com/in/&start=230
https://www.linkedin.com/in/kimberly-wehle,https://www.google.com/search?q=constitution+podcast+site%3Alinkedin.com/in/&start=300
https://www.linkedin.com/in/lynnkestin,https://www.google.com/search?q=constitution+podcast+site%3Alinkedin.com/in/&start=300
https://www.linkedin.com/in/anthony-l-nolan-%E2%98%86-a95136b6,https://www.google.com/search?q=constitution+podcast+site%3Alinkedin.com/in/&start=300
https://www.linkedin.com/in/george-gavrilis-14273395,https://www.google.com/search?q=constitution+podcast+site%3Alinkedin.com/in/&start=300
https://www.linkedin.com/in/chuckalcock,https://www.google.com/search?q=constitution+podcast+site%3Alinkedin.com/in/&start=300
https://www.linkedin.com/in/lauren-brown-92b227188,https://www.google.com/search?q=constitution+podcast+site%3Alinkedin.com/in/&start=130
https://www.linkedin.com/in/justine-barron-951523199/fr?trk=people-guest_people_search-card,https://www.google.com/search?q=constitution+podcast+site%3Alinkedin.com/in/&start=130
https://in.linkedin.com/in/constitutional-law-society-nluj-6946691aa,https://www.google.com/search?q=constitution+podcast+site%3Alinkedin.com/in/&start=130
https://www.linkedin.com/in/jen-eloranta-larimore-64b22b6/,https://www.google.com/search?q=constitution+podcast+site%3Alinkedin.com/in/&start=130
https://www.linkedin.com/in/cindy-forget-35750b12,https://www.google.com/search?q=constitution+podcast+site%3Alinkedin.com/in/&start=130
https://www.linkedin.com/in/meridian-watters,https://www.google.com/search?q=constitution+podcast+site%3Alinkedin.com/in/&start=130
https://www.linkedin.com/in/rebecca-stephens-653259106,https://www.google.com/search?q=constitution+podcast+site%3Alinkedin.com/in/&start=130
https://www.linkedin.com/in/mknowlton,https://www.google.com/search?q=constitution+podcast+site%3Alinkedin.com/in/&start=130
https://www.linkedin.com/in/hugh-t-ferguson-57a5b763,https://www.google.com/search?q=constitution+podcast+site%3Alinkedin.com/in/&start=130
https://www.linkedin.com/in/jensengenyk,https://www.google.com/search?q=constitution+podcast+site%3Alinkedin.com/in/&start=130
https://www.linkedin.com/in/jeanettepatrick,https://www.google.com/search?q=constitution+podcast+site%3Alinkedin.com/in/&start=250
https://www.linkedin.com/in/jordan-blisk,https://www.google.com/search?q=constitution+podcast+site%3Alinkedin.com/in/&start=250
https://www.linkedin.com/in/erika-leflouria,https://www.google.com/search?q=constitution+podcast+site%3Alinkedin.com/in/&start=250
https://uk.linkedin.com/in/katherinemccloskey?trk=public_profile_samename-profile,https://www.google.com/search?q=constitution+podcast+site%3Alinkedin.com/in/&start=250
https://www.linkedin.com/in/lauriejomillerfarr,https://www.google.com/search?q=constitution+podcast+site%3Alinkedin.com/in/&start=250
https://ca.linkedin.com/in/michelle-robinson-6b4859b6,https://www.google.com/search?q=constitution+podcast+site%3Alinkedin.com/in/&start=250
https://www.linkedin.com/in/agahzi-giorgis-560a3b16,https://www.google.com/search?q=constitution+podcast+site%3Alinkedin.com/in/&start=250
https://www.linkedin.com/in/justin-stapley-272819183,https://www.google.com/search?q=constitution+podcast+site%3Alinkedin.com/in/&start=250
https://www.linkedin.com/in/ryanfclark,https://www.google.com/search?q=constitution+podcast+site%3Alinkedin.com/in/&start=250
https://www.linkedin.com/in/lmpr,https://www.google.com/search?q=constitution+podcast+site%3Alinkedin.com/in/&start=250
https://www.linkedin.com/in/joethomasinthemorning,https://www.google.com/search?q=constitution+podcast+site%3Alinkedin.com/in/&start=210
https://www.linkedin.com/in/rmarchetti09,https://www.google.com/search?q=constitution+podcast+site%3Alinkedin.com/in/&start=210
https://www.linkedin.com/in/mckenziemacon,https://www.google.com/search?q=constitution+podcast+site%3Alinkedin.com/in/&start=210
https://www.linkedin.com/in/zach-feig-71b762122,https://www.google.com/search?q=constitution+podcast+site%3Alinkedin.com/in/&start=210
https://www.linkedin.com/in/dexterschiller,https://www.google.com/search?q=constitution+podcast+site%3Alinkedin.com/in/&start=210
https://www.linkedin.com/in/parkeramoroso,https://www.google.com/search?q=constitution+podcast+site%3Alinkedin.com/in/&start=210
https://gr.linkedin.com/in/dimitrispapadiimas?trk=public_profile_browsemap,https://www.google.com/search?q=constitution+podcast+site%3Alinkedin.com/in/&start=210
https://www.linkedin.com/in/trevor-sikkema-83604890,https://www.google.com/search?q=constitution+podcast+site%3Alinkedin.com/in/&start=210
https://vi.linkedin.com/in/mr-krim-menelik-ballentine-59b43940,https://www.google.com/search?q=constitution+podcast+site%3Alinkedin.com/in/&start=210
https://www.linkedin.com/in/scottpiehler,https://www.google.com/search?q=constitution+podcast+site%3Alinkedin.com/in/&start=210
